[
  {
    "id": "DBSBTR",
    "name": "Dragon Ball Super Budokai Tenkaichi Rage",
    "description": "Mod de Dragon Ball Z: Tenkaichi Tag Team con personajes de Dragon Ball Super.",
    "version": "1.2",
    "image_url": "https://raw.githubusercontent.com/tuUsuario/TuRepoLauncher/main/images/DBSBTR.png",
    "game_zip_url": "https://raw.githubusercontent.com/tuUsuario/TuRepoLauncher/main/juegos/DBSBTR_v1.2.zip",
    "textures_available": true,
    "textures_version": "1.0",
    "textures_zip_url": "https://raw.githubusercontent.com/tuUsuario/TuRepoLauncher/main/texturas/DBSBTR_textures_v1.0.zip",
    "settings_available": true,
    "settings_version": "1.0",
    "settings_zip_url": "https://raw.githubusercontent.com/tuUsuario/TuRepoLauncher/main/ajustes/DBSBTR_ppssppconfig_v1.0.zip",
    "available": true,
    "online_available": true,
    "online_guide_url": "https://github.com/tuUsuario/TuRepoLauncher/blob/main/online_guides/DBSBTR_online.txt"
  },
]
