[
  {
    "name": "WhatsApp Soporte",
    "icon": "https://raw.githubusercontent.com/tuUsuario/TuRepoLauncher/main/images/whatsapp_icon.png",
    "link": "https://chat.whatsapp.com/InvitacionTuCanal"
  },
  {
    "name": "Telegram Soporte",
    "icon": "https://raw.githubusercontent.com/tuUsuario/TuRepoLauncher/main/images/telegram_icon.png",
    "link": "https://t.me/TuCanal"
  },
  {
    "name": "Discord Soporte",
    "icon": "https://raw.githubusercontent.com/tuUsuario/TuRepoLauncher/main/images/discord_icon.png",
    "link": "https://discord.gg/TuServidor"
  }
]
